keyword,avg_weekly_interest
youtube,95.53782772
google,86.57142857
iphone,29.28571429
apple,19.4952381
google translate,11.26666667
google maps,8.561904762
youtube video,4.380952381
iphone 16,4.085714286
youtube download,2.771428571
iphone 17,2.342857143
google flights,2.285714286
youtube music,2.257142857
iphone 15,2.257142857
drive google,2.114285714
google ai,2.057142857
iphone 13,2.057142857
iphone 16 pro,2.028571429
youtube mp3,2
iphone 14,2
